subreddit_id,tittleSubreddit,subscribersReddit,descriptionReddit,createdReddit,subreddit_url
0,Home,243743,,1232850357.0,https://www.reddit.com/r/Home/
1,AskReddit,48481312,r/AskReddit is the place to ask and answer thought-provoking questions.,1201233135.0,https://www.reddit.com/r/AskReddit/
2,NoStupidQuestions,4980890,"Ask away!

Disclaimer: This is an anonymous forum so answers may not be correct",1359795144.0,https://www.reddit.com/r/NoStupidQuestions/
3,BaldursGate3,2364982,"A community all about Baldur's Gate III, the role-playing video game by Larian Studios. BG3 is the third main game in the Baldur's Gate series. Baldur's Gate III is based on a modified version of the Dungeons & Dragons 5th edition (D&D 5e) tabletop RPG ruleset.

Gather your party and venture forth!",1559226938.0,https://www.reddit.com/r/BaldursGate3/
4,facepalm,8265075,/r/facepalm - please sir can I have some more?,1251449390.0,https://www.reddit.com/r/facepalm/
5,interestingasfuck,12692767,For anything truly interesting as fuck,1207822208.0,https://www.reddit.com/r/interestingasfuck/
6,Damnthatsinteresting,17371057,For the most interesting things on the internet,1374425825.0,https://www.reddit.com/r/Damnthatsinteresting/
7,LivestreamFail,3402887,The place for all things livestreaming.,1433716387.0,https://www.reddit.com/r/LivestreamFail/
8,pics,31102216,"A place for photographs, pictures, and other images.",1201221069.0,https://www.reddit.com/r/pics/
9,Palworld,595483,"[Unaffiliated with Pocketpair] 
Palworld is a brand-new multiplayer, open-world survival crafting game where you can befriend and collect mysterious creatures called ""Pals"" in a vast new world! Make your Pals fight, build, farm, work in factories, and more!",1622895564.0,https://www.reddit.com/r/Palworld/
10,AmItheAsshole,20649133,"A catharsis for the frustrated moral philosopher in all of us, and a place to finally find out if you were wrong in an argument that's been bothering you. Tell us about any non-violent conflict you have experienced; give us both sides of the story, and find out if you're right, or you're the asshole. 

See our ~~*Best Of*~~ ""Most Controversial"" at /r/AITAFiltered!",1370722490.0,https://www.reddit.com/r/AmItheAsshole/
11,mildlyinfuriating,8342082,jugkfmghgug,1339961663.0,https://www.reddit.com/r/mildlyinfuriating/
12,Piracy,1819218,"âš“ Dedicated to the discussion of digital piracy, including ethical problems and legal advancements.",1221893014.0,https://www.reddit.com/r/Piracy/
13,PeterExplainsTheJoke,766665,"Hey gamers, this is the subreddit where you post a meme/joke you don't understand so it can be explained to you. You can also post memes about u/PeterExplainsTheJoke or just post weird pictures of Peter.",1558894980.0,https://www.reddit.com/r/PeterExplainsTheJoke/
14,funny,63689813,Reddit's largest humor depository,1201242956.0,https://www.reddit.com/r/funny/
15,AITAH,2335032,"this is a community like r/AmITheAsshole except unlike that subreddit here you can post interpersonal conflicts, anything that's AITA but is not allowed there even posting about Scar from the lion king and trying to convince redditors that he was not the AH.

rules: don't berate others and no pornography we have children here",1615939521.0,https://www.reddit.com/r/AITAH/
16,movies,33669566,"The goal of /r/Movies is to provide an inclusive place for discussions and news about films with major releases. Submissions should be for the purpose of informing or initiating a discussion, not just to entertain readers. Read our extensive list of rules for more information on other types of posts like fan-art and self-promotion, or message the moderators if you have any questions.",1201243950.0,https://www.reddit.com/r/movies/
17,Helldivers,1465610,"A subreddit dedicated to HELLDIVERS and HELLDIVERS II, intense co-op shooters set in a satirical dystopian future where you play as one of mankind's elite soldiers determined to spread managed democracy. Developed by Arrowhead Game Studios.",1377154242.0,https://www.reddit.com/r/Helldivers/
18,gaming,43458415,The Number One Gaming forum on the Internet.,1190054605.0,https://www.reddit.com/r/gaming/
19,worldnews,40836595,"A place for major news from around the world, excluding US-internal news.",1201231119.0,https://www.reddit.com/r/worldnews/
20,leagueoflegends,7629069,This is a subreddit devoted to the game League of Legends.,1263422348.0,https://www.reddit.com/r/leagueoflegends/
21,pcmasterrace,13037943,"Welcome to the official subreddit of the PC Master Race / PCMR!

All PC-related content is welcome, including build help, tech support, and any doubt one might have about PC ownership.

You don't necessarily need a PC to be a member of the PCMR. You just have to love PCs. It's not about the hardware in your rig, but the software in your heart!

Join us in celebrating and promoting tech, knowledge, and the best gaming, study, and work platform there exists. The Personal Computer.",1304179207.0,https://www.reddit.com/r/pcmasterrace/
22,Unexpected,11026684,This subreddit is for unexpected twists in videos and gifs.,1359322704.0,https://www.reddit.com/r/Unexpected/
23,news,28676005,The place for news articles about current events in the United States and the rest of the world. Discuss it all here.,1201243765.0,https://www.reddit.com/r/news/
24,politics,8654045,/r/Politics is for news and discussion about U.S. politics.,1186377399.0,https://www.reddit.com/r/politics/
25,wallstreetbets,16708989,Like 4chan found a Bloomberg Terminal.,1328045167.0,https://www.reddit.com/r/wallstreetbets/
26,todayilearned,37911418,"You learn something new every day; what did you learn today?
Submit interesting and specific facts about something that you just found out here.",1230446819.0,https://www.reddit.com/r/todayilearned/
27,nottheonion,24776422,For true stories that you could have sworn were from The Onion.,1224968003.0,https://www.reddit.com/r/nottheonion/
28,memes,34038271,"Memes!

A way of describing cultural information being shared.
An element of a culture or system of behavior that may be considered to be passed from one individual to another by nongenetic means, especially imitation.",1215246073.0,https://www.reddit.com/r/memes/
29,PublicFreakout,4693728,"A subreddit dedicated to people freaking out, melting down, losing their cool, or being weird in public.",1381610009.0,https://www.reddit.com/r/PublicFreakout/
30,Wellthatsucks,3669737,"Posts that make you go: ""Well.. that sucks..""",1369506943.0,https://www.reddit.com/r/Wellthatsucks/
31,explainlikeimfive,22934042,"Explain Like I'm Five is the best forum and archive on the internet for layperson-friendly explanations.


Don't Panic!",1311866500.0,https://www.reddit.com/r/explainlikeimfive/
32,OutOfTheLoop,3393102,A subreddit to help you keep up to date with what's going on with reddit and other stuff.,1370891648.0,https://www.reddit.com/r/OutOfTheLoop/
33,OnePiece,4520616,"Welcome to r/OnePiece, the community for Eiichiro Oda's manga and anime series One Piece. From the East Blue to the New World, anything related to the world of One Piece belongs here! If you've just set sail with the Straw Hat Pirates, be wary of spoilers on this subreddit!",1263480939.0,https://www.reddit.com/r/OnePiece/
34,BlackPeopleTwitter,5911968,"Screenshots of Black people being hilarious or insightful on social media, it doesn't need to just be twitter but obviously that is best.",1412734504.0,https://www.reddit.com/r/BlackPeopleTwitter/
35,buildapc,7318322,"Planning on building a computer but need some advice? This is the place to ask!


 /r/buildapc is a community-driven subreddit dedicated to custom PC assembly. Anyone is welcome to seek the input of our helpful community as they piece together their desktop.",1270959885.0,https://www.reddit.com/r/buildapc/
36,HonkaiStarRail,862013,Honkai: Star Rail is a strategy-RPG title in the Honkai series that takes players on a cosmic adventure across the stars. Hop aboard the Astral Express and experience the galaxy's infinite wonders on this journey filled with adventure and thrill.,1625726726.0,https://www.reddit.com/r/HonkaiStarRail/
37,SipsTea,1262048,On Wednesdays we post frogs!,1644266008.0,https://www.reddit.com/r/SipsTea/
38,Minecraft,7686972,Minecraft community on Reddit,1244686767.0,https://www.reddit.com/r/Minecraft/
39,mildlyinteresting,23954841,"Aww, cripes. I didn't know I'd have to write a description. How many words is that so far, like a hundred? Soooo, yeah. Mildly interesting stuff. Stuff that interests you. Mildly. It's in the name, ffs.",1328424881.0,https://www.reddit.com/r/mildlyinteresting/
40,nfl,10364785,The place to discuss all NFL related things,1221282054.0,https://www.reddit.com/r/nfl/
41,BeAmazed,8258562,"I bet you will /r/BeAmazed!         
A place to find and share amazing things",1422280341.0,https://www.reddit.com/r/BeAmazed/
42,DIY,25287821,DIY,1201283064.0,https://www.reddit.com/r/DIY/
43,nba,13065698,A community for NBA discussion.,1225822503.0,https://www.reddit.com/r/nba/
44,MapPorn,4662194,High quality images of maps.,1305998894.0,https://www.reddit.com/r/MapPorn/
45,Steam,4001606,"A subreddit for members of the Steam Community and fans of steam.

Discord: discord.gg/steam",1239548272.0,https://www.reddit.com/r/Steam/
46,Overwatch,5823492,"Subreddit for all things Overwatchâ„¢, Overwatch 2â„¢ and the Overwatchâ„¢ Universe, the team-based shooter from Blizzard Entertainment.",1337828867.0,https://www.reddit.com/r/Overwatch/
47,Genshin_Impact,3134753,"This is the official community for Genshin Impact (åŽŸç¥ž), the latest open-world action RPG from HoYoverse. The game features a massive, gorgeous map, an elaborate elemental combat system, engaging storyline & characters, co-op game mode, soothing soundtrack, and much more for you to explore!",1559922959.0,https://www.reddit.com/r/Genshin_Impact/
48,classicwow,607912,A community for World of Warcraft: Classic fans.,1461374134.0,https://www.reddit.com/r/classicwow/
49,soccer,7530710,"The football subreddit. 

News, results, and discussion about the beautiful game.",1211886403.0,https://www.reddit.com/r/soccer/
50,Eldenring,3690914,"This is the subreddit for the Elden Ring gaming community. Elden Ring is an action RPG which takes place in the Lands Between, sometime after the Shattering of the titular Elden Ring. Players must explore and fight their way through the vast open-world to unite all the shards, restore the Elden Ring, and become Elden Lord.

Elden Ring was directed by Hidetaka Miyazaki and made in collaboration with George R. R. Martin. It was developed by FromSoft and published by Bandai Namco.",1558936204.0,https://www.reddit.com/r/Eldenring/
51,badroommates,394803,"Give us your tales of bad roommates. The gross, the annoying, the psychotic.

And if you have the solution to bad roommates, please let us know!",1358104615.0,https://www.reddit.com/r/badroommates/
52,personalfinance,19795985,"Learn about budgeting, saving, getting out of debt, credit, investing, and retirement planning. Join our community, read the PF Wiki, and get on top of your finances!",1234147332.0,https://www.reddit.com/r/personalfinance/
53,antiwork,2843132,"A subreddit for those who want to end work, are curious about ending work, want to get the most out of a work-free life, want more information on anti-work ideas and want personal help with their own jobs/work-related struggles.",1376485719.0,https://www.reddit.com/r/antiwork/
54,anime,11242893,Reddit's premier anime community.,1201237816.0,https://www.reddit.com/r/anime/
55,wow,2811453,World of Warcraft on Reddit!,1213069109.0,https://www.reddit.com/r/wow/
56,DnD,3835646,"A subreddit dedicated to the various iterations of Dungeons & Dragons, from its First Edition roots to its One D&D future.",1255186249.0,https://www.reddit.com/r/DnD/
57,technology,17189349,Subreddit dedicated to the news and discussions about the creation and use of technology and its surrounding issues.,1201231675.0,https://www.reddit.com/r/technology/
58,WhitePeopleTwitter,3123598,People tweeting stuff.,1420041982.0,https://www.reddit.com/r/WhitePeopleTwitter/
59,EscapefromTarkov,1002371,The unofficial subreddit for the video game Escape From Tarkov developed by BattleState Games,1447094038.0,https://www.reddit.com/r/EscapefromTarkov/
60,unpopularopinion,4363909,Share your burning hot takes and unpopular opinions!,1329182830.0,https://www.reddit.com/r/unpopularopinion/
61,popculturechat,3995974,"For serious gossips with a great sense of humor. No bores, no bullies. Come for the gossip, stay for the analysis & community.",1643497643.0,https://www.reddit.com/r/popculturechat/
62,videos,26835425,"Reddit's main subreddit for videos.

Please read the sidebar below for our rules.",1201232236.0,https://www.reddit.com/r/videos/
63,BestofRedditorUpdates,2013505,"**What happened to people who ask reddit for advice or help?** 

Did they take Reddit's advice? How did it turn out? Read the best updates by redditors and find out what happened after their original post. 

Join the BORU discord server: https://discord.gg/Hx2hym2juy",1580497306.0,https://www.reddit.com/r/BestofRedditorUpdates/
64,youtube,2357804,"r/YouTube is for discussion about YouTube.

This is a fan sub, not run or owned by YouTube!

Please read the rules: https://www.reddit.com/r/youtube/wiki/index/rules

NEVER GIVE OUT YOUR PERSONAL INFORMATION: https://support.google.com/youtube/answer/2802848",1201244325.0,https://www.reddit.com/r/youtube/
65,legaladvice,2741390,A place to ask simple legal questions.,1256573592.0,https://www.reddit.com/r/legaladvice/
66,ffxiv,1130351,"A community for fans of the critically acclaimed MMORPG Final Fantasy XIV, with an expanded free trial that includes the entirety of A Realm Reborn and the award-winning Heavensward and Stormblood expansions up to level 70 with no restrictions on playtime.

FFXIV's next expansion, Dawntrail, launches on June 28th, 2024!",1264705039.0,https://www.reddit.com/r/ffxiv/
67,sysadmin,937891,A reddit dedicated to the profession of Computer System Administration.,1224643313.0,https://www.reddit.com/r/sysadmin/
68,MadeMeSmile,10277713,Welcome! /r/MadeMeSmile is a place to share things that made you smile or brightened up your day. A generally uplifting subreddit.,1344621277.0,https://www.reddit.com/r/MadeMeSmile/
69,CombatFootage,1718795,A forum for combat footage and photos from historical to ongoing wars.,1347238229.0,https://www.reddit.com/r/CombatFootage/
70,relationship_advice,13935334,"Need help with your relationship? Whether it's romance, friendship, family, co-workers, or basic human interaction: we're here to help!",1245021179.0,https://www.reddit.com/r/relationship_advice/
71,discordapp,1169957,"Discord is a voice, video, and text communication service used by over a hundred million people to hang out and talk with their friends and communities.",1431713641.0,https://www.reddit.com/r/discordapp/
72,pcgaming,3651709,Reddit's #1 source for PC gaming news and discussion.,1205443170.0,https://www.reddit.com/r/pcgaming/
73,Games,3321321,"The goal of /r/Games is to provide a place for informative and interesting gaming content and discussions.

Submissions should be for the purpose of informing or initiating a discussion, not just with the goal of entertaining viewers. Memes, comics, funny screenshots, arts-and-crafts, etc. will be removed.",1210023584.0,https://www.reddit.com/r/Games/
74,ChatGPT,7114070,"Subreddit to discuss ChatGPT and AI. Not affiliated with OpenAI. Thanks, Nat!",1669925967.0,https://www.reddit.com/r/ChatGPT/
75,GlobalOffensive,2543886,"r/GlobalOffensive is the home for the Counter-Strike community and a hub for the discussion and sharing of content relevant to Counter-Strike: Global Offensive (CS:GO), and Counter-Strike 2 (CS2).

Counter-Strike enjoys a thriving esports scene and dedicated competitive playerbase, as well as a robust creative community. This is the largest and most active CS sub on Reddit.",1313123391.0,https://www.reddit.com/r/GlobalOffensive/
76,2007scape,1041983,"The community for Old School RuneScape discussion on Reddit.

Join us for game discussions, tips and tricks, and all things OSRS!
OSRS is the official legacy version of RuneScape, the largest free-to-play MMORPG.",1360784323.0,https://www.reddit.com/r/2007scape/
77,formula1,4336453,"Welcome to r/Formula1, the best independent online Formula 1 community!",1212961659.0,https://www.reddit.com/r/formula1/
78,CuratedTumblr,379150,r/Tumblr but smaller and with better moderation,1612725189.0,https://www.reddit.com/r/CuratedTumblr/
79,Gamingcirclejerk,697116,"Come visit us on Discord! discord.gg/gcj

Due to Reddit's decisions related to third party platforms and content management, this sub will only allow posts about Don Cheadle.

See for more info: https://www.reddit.com/r/ModCoord/comments/1476fkn/reddit_blackout_2023_save_3rd_party_apps/

We recommend considering non-corporate fediverse alternatives to reddit. We recommend Lemmy.ml for general-purpose use.",1302125435.0,https://www.reddit.com/r/Gamingcirclejerk/
80,TikTokCringe,4272620,"A place to watch the best and worst videos from TikTok.

Here you can find TikToks that are cringe-worthy, funny, wholesome, and more! We recommend sorting by flair to find the exact content you're looking for.",1533622973.0,https://www.reddit.com/r/TikTokCringe/
81,PiratedGames,724416,"Welcome to r/PiratedGames, where you can talk about the latest games and cracks!


BEFORE YOU POST, please read the stickied megathread, rules and wiki! ",1429278365.0,https://www.reddit.com/r/PiratedGames/
82,techsupport,2665752,"Stumped on a tech problem? Ask the community and try to help others with their problems as well.

Note: Reddit is dying due to terrible leadership from CEO /u/spez. Please use our Discord server instead of supporting a company that acts against its users and unpaid moderators.",1213108595.0,https://www.reddit.com/r/techsupport/
83,shitposting,2636575,ðŸ“¡ðŸ“¡ðŸ“¡,1345364538.0,https://www.reddit.com/r/shitposting/
84,theydidthemath,1559861,And they said math has no real world applications,1366946345.0,https://www.reddit.com/r/theydidthemath/
85,malelivingspace,2131276,"MaleLivingSpace is dedicated to places where men can live. 
 Here you can find posts discussing, showing, improving, and maintaining apartments, homes, domiciles, man caves, garages, and bungalows.

https://www.theverge.com/2023/6/5/23749188/reddit-subreddit-private-protest-api-changes-apollo-charges",1349271679.0,https://www.reddit.com/r/malelivingspace/
86,WTF,7058944,"Things that will make others say ""What the F*ck"".",1201268659.0,https://www.reddit.com/r/WTF/
87,cyberpunkgame,1792350,"Cyberpunk 2077 is a role-playing video game developed by CD Projekt RED and published by CD Projekt S.A. 

This subreddit has been created by fans of the game to discuss EVERYTHING related to it.

We canâ€™t wait to see what you bring to the community choom!",1448395866.0,https://www.reddit.com/r/cyberpunkgame/
88,OldSchoolCool,18585452,"/r/OldSchoolCool

**History's cool kids, looking fantastic!**

A pictorial and video celebration of history's coolest kids, everything from beatniks to bikers, mods to rude boys, hippies to ravers. And everything in between. 

If you've found a photo, or a photo essay, of people from the past looking fantastic, here's the place to share it.",1335040718.0,https://www.reddit.com/r/OldSchoolCool/
89,coolguides,5434158,"Picture based reference guides for anything and everything. If it seems like something someone might print, physically post, and reference then it is a good link for this sub. 

Remember: Infographics are learning tools, guides are reference tools. Sometimes it's grey.",1395333999.0,https://www.reddit.com/r/coolguides/
90,AskMen,6316574,"We donâ€™t read the rules, but weâ€™ll make a post anyway",1283148506.0,https://www.reddit.com/r/AskMen/
91,dankmemes,5937487,D A N K,1388717343.0,https://www.reddit.com/r/dankmemes/
92,feedthebeast,449309,"The subreddit for all things related to Modded Minecraft for Minecraft Java Edition

---

This subreddit was originally created for discussion around the FTB launcher and its modpacks but has since grown to encompass all aspects of modding the Java edition of Minecraft.

The /r/feedthebeast subreddit is not affiliated or associated with the Feed the Beast company.",1349006878.0,https://www.reddit.com/r/feedthebeast/
93,Warframe,745652,"Reddit community and fansite for the free-to-play third-person co-op action shooter, Warframe. The game is currently in open beta on PC, PlayStation 4|5, Xbox One/Series X|S, Nintendo Switch, and iOS!",1344923025.0,https://www.reddit.com/r/Warframe/
94,UkraineWarVideoReport,817188,Community Driven Videos/Photos/Updates ,1645672984.0,https://www.reddit.com/r/UkraineWarVideoReport/
95,SteamDeck,736190,GTA OFFLINE :(,1626368162.0,https://www.reddit.com/r/SteamDeck/
96,college,2456536,The subreddit for discussion related to college and collegiate life.,1201244050.0,https://www.reddit.com/r/college/
97,manga,3969622,"Everything and anything manga!  (manhwa/manhua is okay too!)

Discuss weekly chapters, find/recommend a new series to read, post a picture of your collection, lurk, etc!",1218314111.0,https://www.reddit.com/r/manga/
98,CrazyFuckingVideos,2158065,Crazy fucking videos for your viewing pleasure,1616588828.0,https://www.reddit.com/r/CrazyFuckingVideos/
99,rareinsults,2763792,"Did you stumble across a unique insult? Looking to spice up your vocabulary? This is the place for you!

[Join our discord here!](https://discord.gg/8bwjmBW)",1510880378.0,https://www.reddit.com/r/rareinsults/
